{
  "mie_stat": {
    "status": "PASS",
    "time": 0.003026723861694336,
    "data": {
      "ext": [
        99.5315831007754,
        129.3012622241737,
        45.778746527170455,
        10.492256108541014,
        3.38025803877792,
        1.7622886705783154
      ],
      "sca": [
        0.4039129104722278,
        0.3981877662249776,
        0.3766015280905666,
        0.1949725857988962,
        0.1180599664131218,
        0.07908457610274476
      ],
      "enei": [
        450.0,
        500.0,
        550.0,
        600.0,
        650.0,
        700.0
      ]
    }
  },
  "mie_ret": {
    "status": "PASS",
    "time": 0.0036592483520507812,
    "data": {
      "ext": [
        [
          102.70920217854761
        ],
        [
          132.6929318538112
        ],
        [
          47.33897818627869
        ],
        [
          10.803329611294734
        ],
        [
          3.480665132665479
        ],
        [
          1.8187880800043488
        ]
      ],
      "sca": [
        [
          0.4122250412795897
        ],
        [
          0.4060213626289596
        ],
        [
          0.38708654948013005
        ],
        [
          0.19888657882560454
        ],
        [
          0.11987064949550705
        ],
        [
          0.0800638800334281
        ]
      ],
      "enei": [
        450.0,
        500.0,
        550.0,
        600.0,
        650.0,
        700.0
      ]
    }
  },
  "bemstat_planewave": {
    "status": "PASS",
    "time": 1.697514295578003,
    "data": {
      "ext": [
        99.39238416387097,
        129.10357053811887,
        45.6879913952946,
        10.473420736540145,
        3.3745407784882375,
        1.7594061629553817
      ],
      "sca": [
        0.4031553866517172,
        0.39738889604540806,
        0.3756761671304177,
        0.19453098126806365,
        0.11780573839926249,
        0.07891905713327235
      ],
      "enei": [
        450.0,
        500.0,
        550.0,
        600.0,
        650.0,
        700.0
      ]
    }
  },
  "bemret_planewave": {
    "status": "PASS",
    "time": 2.7049977779388428,
    "data": {
      "ext": [
        104.60384498928349,
        133.2846100262303,
        47.81898842180216,
        11.291190722591104,
        3.8422875046965017,
        2.1535033888675206
      ],
      "sca": [
        0.40838692383469444,
        0.40003110595281577,
        0.3737622911964048,
        0.1883584775481987,
        0.11122696040068925,
        0.07279931505769545
      ],
      "enei": [
        450.0,
        500.0,
        550.0,
        600.0,
        650.0,
        700.0
      ]
    }
  },
  "bemstatlayer_planewave": {
    "status": "PASS",
    "time": 2.1712849140167236,
    "data": {
      "ext": [
        68.43846920418966,
        89.96829539283326,
        33.10628297946259,
        7.374834837783272,
        2.312191294569656,
        1.1863811074842767
      ],
      "sca": [
        0.3740564273661341,
        0.3725078344338664,
        0.3678601164722643,
        0.18718392672420328,
        0.11220799862503555,
        0.07475841498605278
      ],
      "enei": [
        450.0,
        500.0,
        550.0,
        600.0,
        650.0,
        700.0
      ]
    }
  },
  "bemretlayer_planewave": {
    "status": "PASS",
    "time": 290.0939326286316,
    "data": {
      "ext": [
        235.02723494177783,
        144.30616232825173,
        53.38249555738299,
        15.884669117090077,
        -2.927321515701088,
        -7.6624810506273064
      ],
      "sca": [
        1.3822593426092924,
        0.7120356210639953,
        0.6916633411102342,
        0.9779597705543588,
        1.3128863543497864,
        1.5702420628128784
      ],
      "enei": [
        450.0,
        500.0,
        550.0,
        600.0,
        650.0,
        700.0
      ]
    }
  },
  "bemstateig": {
    "status": "PASS",
    "time": 1.646181344985962,
    "data": {
      "ext": [
        99.39236559366329,
        129.1035489817693,
        45.68798516615816,
        10.473419099944426,
        3.3745401971625237,
        1.7594058430695487
      ],
      "enei": [
        450.0,
        500.0,
        550.0,
        600.0,
        650.0,
        700.0
      ]
    }
  },
  "plasmonmode": {
    "status": "PASS",
    "time": 0.8317091464996338,
    "data": {
      "eigenvalues": [
        -6.283185307179583,
        -2.092860422418124,
        -2.09268234649141,
        -2.092330144251474,
        -1.252808801175575,
        -1.252628103294533,
        -1.2526020070312007,
        -1.2524306184594685,
        -1.2518018237736535,
        -0.8925282775671856
      ],
      "n_modes": 10
    }
  },
  "bemstatiter": {
    "status": "PASS",
    "time": 0.811931848526001,
    "data": {
      "ext_520nm": 115.15162341720433
    }
  },
  "bemretiter": {
    "status": "PASS",
    "time": 1.5944480895996094,
    "data": {
      "ext_520nm": 119.47923852642047
    }
  },
  "dipolestat": {
    "status": "PASS",
    "time": 0.8180217742919922,
    "data": {
      "status": "computed"
    }
  },
  "dipoleret": {
    "status": "PASS",
    "time": 1.1962628364562988,
    "data": {
      "status": "computed"
    }
  },
  "eelsstat": {
    "status": "PASS",
    "time": 0.8150942325592041,
    "data": {
      "loss_520nm": 0.000698130152409179
    }
  }
}