{
  "mie_stat": {
    "status": "PASS",
    "time": 0.0016713142395019531,
    "data": {
      "ext": [
        99.5315831007754,
        129.3012622241737,
        45.778746527170455,
        10.492256108541014,
        3.38025803877792,
        1.7622886705783154
      ],
      "sca": [
        0.4039129104722278,
        0.3981877662249776,
        0.3766015280905666,
        0.1949725857988962,
        0.1180599664131218,
        0.07908457610274476
      ],
      "enei": [
        450.0,
        500.0,
        550.0,
        600.0,
        650.0,
        700.0
      ]
    }
  },
  "mie_ret": {
    "status": "PASS",
    "time": 0.015170812606811523,
    "data": {
      "ext": [
        [
          102.70920217854761
        ],
        [
          132.6929318538112
        ],
        [
          47.33897818627869
        ],
        [
          10.803329611294734
        ],
        [
          3.480665132665479
        ],
        [
          1.8187880800043488
        ]
      ],
      "sca": [
        [
          0.4122250412795897
        ],
        [
          0.4060213626289596
        ],
        [
          0.38708654948013005
        ],
        [
          0.19888657882560454
        ],
        [
          0.11987064949550705
        ],
        [
          0.0800638800334281
        ]
      ],
      "enei": [
        450.0,
        500.0,
        550.0,
        600.0,
        650.0,
        700.0
      ]
    }
  },
  "bemstat_planewave": {
    "status": "PASS",
    "time": 1.1611292362213135,
    "data": {
      "ext": [
        99.45097121551619,
        129.204929397747,
        45.754492571043826,
        10.485572154674974,
        3.37785089816418,
        1.7609597290332815
      ],
      "sca": [
        0.4030834567730932,
        0.39739510533227396,
        0.3759350941969964,
        0.19460929911057637,
        0.11783356872767017,
        0.07893059132094367
      ],
      "enei": [
        450.0,
        500.0,
        550.0,
        600.0,
        650.0,
        700.0
      ]
    }
  },
  "bemret_planewave": {
    "status": "PASS",
    "time": 1.6858551502227783,
    "data": {
      "ext": [
        102.53441215779638,
        131.90483763231,
        46.42814300120537,
        9.839981884551314,
        2.425344986603475,
        0.7336189763580105
      ],
      "sca": [
        0.40927206559059276,
        0.40217396288018736,
        0.37984314839166,
        0.19328177146051728,
        0.11532236764141293,
        0.07626586756783194
      ],
      "enei": [
        450.0,
        500.0,
        550.0,
        600.0,
        650.0,
        700.0
      ]
    }
  },
  "bemstatlayer_planewave": {
    "status": "PASS",
    "time": 0.8935267925262451,
    "data": {
      "ext": [
        100.01601593748272,
        133.87611919611555,
        54.52302107499603,
        11.798733005590288,
        3.6680284404493486,
        1.8758450564057103
      ],
      "sca": [
        0.3246315151709776,
        0.32977867633497987,
        0.35822318601035474,
        0.17570714910075239,
        0.10305328821731374,
        0.06786199632720602
      ],
      "enei": [
        450.0,
        500.0,
        550.0,
        600.0,
        650.0,
        700.0
      ]
    }
  },
  "bemretlayer_planewave": {
    "status": "PASS",
    "time": 281.5815200805664,
    "data": {
      "ext": [
        237.31969460131367,
        147.38304508808196,
        54.8201467861502,
        17.689336954075728,
        -1.4233255288453819,
        -7.275630331792094
      ],
      "sca": [
        1.2839244910074474,
        0.6587050432085073,
        0.6506260157418722,
        0.940878765832647,
        1.2743712250446553,
        1.5720804539129172
      ],
      "enei": [
        450.0,
        500.0,
        550.0,
        600.0,
        650.0,
        700.0
      ]
    }
  },
  "bemstateig": {
    "status": "PASS",
    "time": 1.842559814453125,
    "data": {
      "ext": [
        99.44979767141824,
        129.20355027735104,
        45.75408839300862,
        10.485467205054952,
        3.377813910338685,
        1.7609394623956958
      ],
      "enei": [
        450.0,
        500.0,
        550.0,
        600.0,
        650.0,
        700.0
      ]
    }
  },
  "plasmonmode": {
    "status": "PASS",
    "time": 0.9060165882110596,
    "data": {
      "eigenvalues": [
        -6.2831853071795924,
        -2.098964366020434,
        -2.0962086235788235,
        -2.092918985289276,
        -1.2624397815068458,
        -1.2579282208969784,
        -1.2579282208969784,
        -1.255821077607431,
        -1.2507902762805805,
        -0.9055888658798892
      ],
      "n_modes": 10
    }
  },
  "bemstatiter": {
    "status": "PASS",
    "time": 1.873617172241211,
    "data": {
      "ext_520nm": 0.42447117704366927
    }
  },
  "bemretiter": {
    "status": "PASS",
    "time": 2.0435454845428467,
    "data": {
      "ext_520nm": 118.32063214921516
    }
  },
  "dipolestat": {
    "status": "PASS",
    "time": 0.8677709102630615,
    "data": {
      "status": "computed"
    }
  },
  "dipoleret": {
    "status": "PASS",
    "time": 1.420738935470581,
    "data": {
      "status": "computed"
    }
  },
  "eelsstat": {
    "status": "PASS",
    "time": 0.8819994926452637,
    "data": {
      "loss_520nm": 0.0007002317324960785
    }
  }
}